user_id,age,location,salary,join_date
1,56,East Edward,52674,2024-05-06
2,69,South Brianfurt,53854,2023-05-15
3,46,Lake Kristen,64271,2023-10-27
4,32,North Deborahshire,91688,2024-03-30
5,60,Nicholasbury,56518,2025-06-29
6,25,North Karichester,28267,2021-07-21
7,38,South Lee,108825,2022-09-11
8,56,Ronniemouth,19062,2022-06-05
9,36,Melissaland,68448,2025-04-14
10,40,North Sue,113462,2024-07-16
11,28,South Robert,24229,2021-04-09
12,28,East Dawnfort,74793,2025-04-04
13,41,Cannonmouth,65915,2022-08-12
14,53,Johnmouth,22632,2024-10-09
15,57,North Michael,21596,2023-09-04
16,41,Markborough,24168,2021-08-16
17,20,Claytonberg,25561,2024-11-07
18,39,West Jeremy,91794,2023-04-07
19,19,Greerside,100152,2023-12-12
20,41,West Andrew,44734,2022-12-08
21,61,West Pamelafort,24371,2023-12-18
22,47,Staceyside,44069,2023-02-28
23,55,Frankfurt,97905,2024-04-24
24,19,Kevinview,30910,2021-08-30
25,38,Lake Bianca,91479,2022-12-08
26,50,Elliottview,95735,2025-07-01
27,29,Susanport,99264,2021-08-29
28,39,North Mitchell,41275,2024-12-31
29,61,South Joseph,90274,2023-11-25
30,42,Normaville,99449,2023-11-02
31,66,South Perry,118776,2021-05-01
32,44,Bondmouth,78004,2024-05-27
33,59,East Evanview,80981,2024-08-26
34,45,Hannahville,102659,2020-09-17
35,33,West Kevinport,72553,2024-12-07
36,32,Sawyerbury,66447,2024-05-17
37,64,North Donald,52529,2022-09-19
38,68,Port Adrian,93703,2020-08-17
39,61,Austinmouth,94090,2021-12-05
40,69,East Joshua,35260,2021-12-23
41,20,East Charles,21812,2023-10-07
42,54,East Samantha,46024,2022-09-08
43,68,Lake Beth,76656,2021-10-02
44,24,Davidmouth,45285,2023-10-20
45,38,Lake Gloriaport,110436,2021-11-01
46,26,Brandtberg,19605,2022-09-03
47,56,Samuelhaven,89158,2021-01-07
48,35,South Thomas,90303,2022-08-04
49,21,New Patricia,45139,2022-08-23
50,42,Lake Ryan,95149,2022-01-29
51,31,Lake Robert,74138,2023-01-31
52,67,East Ricardo,94125,2023-05-30
53,26,Ariasstad,31918,2022-11-11
54,43,Jeffreybury,103655,2024-03-28
55,19,Lisaberg,45446,2022-04-29
56,37,West Julie,31046,2023-12-19
57,45,Smithville,42818,2025-02-19
58,64,New Markview,118894,2025-02-17
59,24,New Annaport,22324,2024-04-21
60,61,West Matthew,94323,2021-12-25
61,25,Edwardburgh,27111,2021-12-23
62,64,Christopherbury,56110,2025-05-01
63,52,Erinburgh,34389,2022-11-17
64,31,East Cindy,59427,2024-09-16
65,34,Wardstad,97579,2020-10-15
66,53,North Elizabeth,46746,2025-07-06
67,67,Gardnerchester,105886,2022-10-08
68,57,Brownborough,18117,2023-09-14
69,21,Taylorhaven,102471,2023-01-07
70,19,North Michaelside,31234,2022-11-18
71,23,Davidmouth,71441,2024-05-19
72,59,Greeneville,18846,2020-09-26
73,21,Barajasview,28954,2025-02-23
74,46,West Nathanielburgh,97239,2024-06-14
75,35,South Amandaside,64514,2021-08-31
76,43,Calebville,106236,2024-01-02
77,61,Deborahchester,115579,2023-01-22
78,51,South Corybury,24469,2020-08-16
79,27,Kylefurt,48105,2021-05-20
80,53,East Selenafurt,60101,2021-03-15
81,31,West Desiree,82323,2021-11-13
82,48,East Lisa,109922,2023-07-16
83,65,Catherineland,76067,2024-04-01
84,32,Bradleymouth,67376,2024-11-16
85,25,North Sandrafort,63587,2025-07-31
86,31,Carpenterland,54976,2021-02-16
87,40,Elliotttown,85584,2022-06-02
88,57,Nicholsmouth,96477,2023-09-08
89,38,Dennisside,60533,2021-05-18
90,33,Ashleymouth,19828,2022-11-26
91,62,South Joshua,19917,2025-08-03
92,35,Lukeport,38618,2020-08-10
93,64,New Nicholas,50254,2021-11-11
94,41,East Kimberlyshire,65362,2025-05-18
95,43,West Amber,38128,2021-10-08
96,42,Lindsayborough,77383,2023-11-14
97,62,Port Robert,83545,2021-04-02
98,58,Port Johnshire,100180,2020-10-25
99,46,Nathanport,105958,2022-10-13
100,32,Port Andrewmouth,27865,2024-11-28
101,62,Bowmanburgh,20219,2023-01-24
102,18,South Aliciachester,57809,2025-02-16
103,42,West Robin,23287,2025-07-15
104,24,Port Barbaraside,52387,2024-03-28
105,26,South Steven,26512,2025-05-30
106,41,West Cathyton,19342,2022-05-21
107,18,Kevinchester,81076,2022-10-27
108,61,Taylorville,37216,2023-07-06
109,25,Jamestown,111070,2024-06-20
110,41,Port Zacharytown,97767,2021-01-01
111,28,Lake Nancyshire,115829,2024-05-17
112,68,Davidton,44614,2020-12-17
113,34,Lake Elizabeth,54258,2020-10-13
114,25,South Kathrynburgh,111789,2022-12-29
115,52,West Samuel,60078,2025-08-01
116,52,North Rebeccaland,101524,2025-06-04
117,50,Kathleenburgh,114573,2021-03-04
118,22,North Vanessa,30219,2024-06-15
119,59,West Emilyton,18235,2025-02-26
120,56,Dustinton,60929,2024-10-29
121,58,Riceborough,85444,2021-08-28
122,45,Lake Elizabeth,26567,2024-04-28
123,24,Martineztown,119834,2020-12-21
124,26,Grahamville,88792,2024-03-19
125,25,South James,83441,2023-03-23
126,29,Scottfort,102555,2021-01-22
127,51,East Kevin,91698,2022-12-26
128,50,North Rickychester,23415,2025-01-15
129,65,Atkinsonstad,54159,2020-10-22
130,40,Millerborough,61925,2025-05-04
131,41,East Joyce,23951,2025-02-28
132,54,Annaport,105388,2021-06-29
133,52,North Steve,26007,2022-10-12
134,61,West Sharonmouth,59832,2025-03-03
135,57,New Amy,76596,2020-10-30
136,39,Ashleytown,48523,2022-11-15
137,44,New Janetchester,106861,2023-01-04
138,52,Perezshire,104740,2022-07-20
139,18,Lake Bryan,33524,2020-08-19
140,52,New Jessicaside,37282,2024-11-04
141,54,Castillofort,41930,2020-10-27
142,64,Smithmouth,18077,2024-06-08
143,31,Port Christopherside,38611,2022-04-22
144,20,New Tina,34984,2020-12-03
145,18,North Jennifer,32060,2020-12-19
146,22,New Charlesbury,100985,2023-09-01
147,43,West John,102056,2024-12-07
148,31,Lake Brianville,61303,2024-05-08
149,56,Williamberg,77207,2021-09-24
150,44,North Nicholas,93046,2021-04-08
151,26,West Douglas,47287,2024-12-16
152,32,West Rebeccahaven,111709,2022-05-22
153,32,Melendezbury,57711,2022-02-26
154,43,Matthewchester,29954,2024-06-02
155,59,North Steven,91340,2021-10-24
156,30,East Patriciaside,90101,2024-01-11
157,68,Lake Thomasmouth,89520,2023-12-08
158,49,West Ryanburgh,105062,2021-04-24
159,56,Jeffreyshire,36574,2024-01-27
160,66,Andersonview,27184,2022-03-29
161,69,South Robinbury,37096,2021-10-04
162,49,Port Josephview,85728,2023-05-28
163,21,Monicatown,52016,2021-12-29
164,47,Lake Haley,29246,2025-02-05
165,54,Haasstad,63558,2020-12-20
166,40,Cherryport,36381,2024-10-27
167,56,Kramerburgh,54455,2022-09-23
168,62,East Amymouth,110263,2023-10-27
169,32,Lake Cindy,22018,2025-04-12
170,60,Solisville,29302,2024-07-09
171,46,East Melissamouth,85506,2022-07-14
172,53,Scottchester,59157,2021-10-21
173,30,Gouldbury,72917,2024-07-22
174,49,South Thomasshire,110738,2024-02-23
175,24,New Jermaineside,114646,2023-08-21
176,68,Gonzalezburgh,101122,2021-12-26
177,39,Graystad,42519,2024-09-25
178,45,New Alexburgh,114809,2022-06-24
179,19,New Johnborough,105487,2021-08-24
180,59,Lake Andrewmouth,74819,2021-04-26
181,62,Robbinsmouth,98910,2021-05-12
182,23,New Kelseybury,89324,2023-06-10
183,45,Kristinaville,23408,2023-12-16
184,45,Port George,77379,2021-04-18
185,61,Danielberg,43053,2025-05-10
186,61,Jefffurt,27446,2022-08-26
187,37,Port Susanborough,18922,2024-02-04
188,47,West Jillian,116723,2025-03-30
189,28,Yatesfort,69356,2024-06-20
190,45,Dustinberg,28789,2020-08-07
191,42,Harperville,115720,2021-06-19
192,56,North Hayleyfort,84656,2022-02-15
193,50,Brendaview,62028,2021-05-03
194,18,West Kevinview,82484,2024-09-16
195,44,East Sara,50154,2021-11-11
196,69,East Jacquelineland,100870,2021-09-12
197,30,Lawsonview,20336,2020-10-01
198,58,Johnsonside,85779,2025-07-23
199,20,New Victoria,37029,2024-01-19
200,56,Pollardview,77201,2021-06-25
201,23,Lake Anna,50265,2025-06-16
202,25,East Sarahmouth,61872,2021-11-03
203,44,East Tammyton,64197,2024-02-05
204,26,Santiagoborough,73180,2021-03-11
205,54,East Jessica,41710,2024-03-09
206,50,Simmonsfort,47486,2022-11-20
207,68,Nicholsonchester,89907,2020-09-09
208,59,Curtisville,89895,2023-06-05
209,61,West Nicole,82435,2024-01-31
210,41,Port Anthony,58631,2024-02-24
211,32,Davidview,119532,2025-07-12
212,49,Hernandezside,38103,2024-10-06
213,49,West Heather,82772,2024-07-02
214,41,New Molly,32382,2022-10-11
215,58,Burtonmouth,102291,2025-02-10
216,69,Tylermouth,119195,2023-07-05
217,66,Port Lauratown,21756,2024-12-14
218,66,South Christinehaven,38609,2021-02-06
219,69,Williambury,34478,2023-05-29
220,29,South Robert,118978,2023-01-11
221,56,West Kevinchester,57666,2024-02-09
222,19,Ayalafort,93683,2025-04-08
223,20,New Jennifer,117097,2023-03-13
224,66,Holtport,118420,2024-05-19
225,54,New Donaldburgh,89315,2024-07-18
226,66,Port Danielland,95834,2021-04-02
227,34,Williamsland,32153,2021-01-16
228,66,South Herbertton,94325,2023-07-07
229,19,Howeville,30999,2023-12-31
230,19,Millerville,73318,2021-03-22
231,45,Jameston,18814,2024-06-29
232,40,Santanaburgh,94077,2023-06-21
233,54,Lake Amyville,108474,2021-07-23
234,49,Kimberlyhaven,20443,2020-12-20
235,50,North Jacob,93993,2021-02-28
236,18,Tammyborough,93916,2022-10-06
237,36,Carolland,91319,2023-07-24
238,19,Port Linda,35368,2022-03-04
239,61,Port Christopher,33328,2023-01-08
240,43,East Saraberg,74942,2022-12-18
241,49,North Brianburgh,109751,2021-09-10
242,23,Teresashire,117131,2022-10-31
243,49,East Sherryville,45306,2024-09-19
244,21,East Robertborough,103451,2021-11-21
245,28,Port Davidshire,57915,2021-02-24
246,34,Sarahfort,55219,2024-08-01
247,55,Lake James,98879,2022-11-08
248,41,West Ryan,82644,2024-03-23
249,22,East Andrew,78279,2021-10-24
250,69,Kimberlymouth,71028,2022-05-25
251,51,Johnborough,18126,2021-09-02
252,23,Port Angela,70329,2022-04-09
253,39,Smallmouth,45632,2024-03-18
254,28,Nguyenmouth,83310,2024-01-01
255,65,West Joelmouth,73176,2022-08-30
256,33,Port Robertfurt,104066,2023-01-25
257,50,New Walter,62327,2020-09-28
258,26,Wilsonbury,86904,2022-09-11
259,23,East Nicole,21797,2021-03-31
260,33,South Brendaborough,65882,2025-02-25
261,46,Coxmouth,31718,2024-06-13
262,20,Aprilton,52560,2024-11-03
263,37,Lake Daniel,94589,2025-05-18
264,53,Ellisville,40116,2023-06-18
265,36,East Anthony,54244,2021-11-05
266,43,Andersonmouth,119721,2023-02-19
267,20,Longmouth,19645,2025-04-14
268,36,Toniburgh,65523,2021-10-14
269,37,West Julia,37256,2023-02-08
270,49,Kimberlyview,119376,2024-02-19
271,24,Jennifermouth,118158,2023-04-22
272,69,Buckleyton,71173,2023-11-01
273,58,Jeremyburgh,55430,2021-09-04
274,50,Josephbury,57282,2025-01-15
275,57,Port Dan,81374,2020-09-26
276,56,South Linda,86244,2023-03-15
277,35,Oconnorchester,29694,2025-06-24
278,57,Wrighttown,74264,2023-09-15
279,18,Donaldmouth,93060,2022-09-28
280,28,Thomasberg,115416,2021-09-02
281,45,Amyport,75545,2022-06-23
282,42,Port Brandyhaven,57224,2021-06-04
283,67,North Bobby,115945,2021-05-07
284,40,Thomasberg,31224,2020-10-06
285,48,Deborahshire,58738,2023-09-05
286,47,Port Jeffreymouth,43150,2023-05-19
287,59,New Melissa,81731,2022-11-12
288,52,West Kathryn,67688,2025-05-04
289,24,Scottshire,117929,2023-06-25
290,33,Tonyaport,91509,2024-01-13
291,43,South Vanessa,26577,2023-02-21
292,65,New Jeffery,26070,2021-11-15
293,69,South Danabury,26666,2023-01-03
294,66,South Jamesburgh,75761,2022-11-11
295,19,Jameston,54368,2021-11-06
296,18,Markton,24783,2022-10-06
297,65,Cookland,59914,2024-09-04
298,29,Leonardborough,88507,2022-08-25
299,22,Hansenside,97026,2024-05-11
300,54,Princebury,85526,2023-10-03
301,49,Millerhaven,88835,2025-05-29
302,26,Andrewmouth,63765,2022-09-16
303,58,West Kennethville,37956,2022-05-22
304,52,Sandrabury,105895,2024-12-22
305,36,Jenniferland,64240,2023-09-04
306,65,Alexisshire,55148,2021-05-09
307,33,Lake Garyfort,112270,2023-06-16
308,20,Dianeland,22757,2020-08-04
309,37,Clarkburgh,37097,2023-03-30
310,41,Lake Brookeside,28395,2024-03-19
311,50,Port Erin,34241,2024-06-22
312,41,Michaelburgh,45696,2024-07-11
313,69,Garyside,88480,2025-04-20
314,28,Michellefurt,64163,2023-09-05
315,66,North Angelamouth,37816,2023-11-01
316,25,Lisatown,67840,2022-06-30
317,53,South Jennifermouth,70853,2021-03-04
318,55,Daughertyport,42917,2021-01-11
319,57,Tamaraland,114731,2022-11-04
320,37,Colemanchester,39566,2022-04-24
321,52,Ortiztown,93452,2024-12-06
322,65,South Gregoryhaven,80823,2022-03-19
323,42,Hernandezside,38806,2022-08-27
324,52,New Benjaminhaven,93520,2022-06-21
325,42,South Crystalchester,19759,2022-01-19
326,46,Ryanchester,59949,2021-02-14
327,35,Josephstad,110374,2024-07-31
328,63,Olsontown,20482,2021-04-08
329,35,Shannonshire,42442,2021-07-12
330,19,Castillochester,51719,2023-07-16
331,52,Bakerchester,76066,2024-10-13
332,33,Alvarezhaven,111501,2021-09-27
333,58,North Jessicaton,20079,2021-08-30
334,53,Rosemouth,20717,2022-12-03
335,50,West Sarahville,77676,2020-11-27
336,21,New Patricia,45952,2020-10-16
337,50,Port Amytown,104444,2021-05-26
338,31,Andrewport,60460,2023-11-19
339,38,Lake Heather,108397,2024-11-15
340,65,Foxton,90847,2022-07-28
341,37,Morganhaven,111607,2024-09-15
342,25,South Tonyaville,107106,2021-08-19
343,24,Shawton,36449,2021-05-17
344,20,Lake Hannahfort,51536,2023-02-15
345,34,East David,82077,2024-07-20
346,50,Vazquezstad,56258,2024-08-16
347,65,Lake Harold,66302,2025-02-16
348,29,Kerrihaven,46865,2023-11-04
349,68,Ryanview,24645,2023-06-22
350,39,New Megan,56000,2024-12-17
351,39,Aaronshire,44737,2025-05-28
352,63,Mendozachester,29485,2020-10-11
353,47,Hannahside,56565,2020-12-16
354,55,Port Eduardo,43522,2023-06-17
355,55,Brandonland,83155,2021-01-06
356,62,Briannafurt,73168,2022-01-21
357,68,North Deborahmouth,70487,2021-01-15
358,25,East Amanda,30342,2020-11-17
359,44,Brandifort,58806,2021-01-15
360,44,New Robertmouth,66770,2022-03-24
361,51,Brendaborough,96623,2023-10-13
362,38,Port Danielfurt,117785,2023-06-17
363,47,Vincentfort,93629,2020-10-01
364,50,North Micheleside,70603,2023-10-04
365,45,East Jeffrey,99974,2022-06-15
366,64,Biancaborough,44399,2022-06-22
367,50,East Devon,103382,2020-12-14
368,22,North Douglas,99244,2024-03-19
369,65,East Isaac,94534,2023-08-22
370,36,Mendezton,73106,2023-04-26
371,21,Phillipville,48678,2020-08-27
372,52,Luistown,94218,2021-03-30
373,66,South Edward,81230,2021-02-15
374,34,Port Joycebury,92055,2024-07-19
375,61,Port Brandonfort,74373,2021-02-24
376,45,Shelleyport,49480,2022-12-16
377,47,Ortegashire,103230,2023-06-30
378,46,Amyberg,86836,2020-11-03
379,63,Port Bryanland,90258,2021-07-17
380,23,Dillonton,57986,2020-10-29
381,52,Port Donna,42160,2024-09-29
382,58,North Eduardotown,103595,2024-11-29
383,54,Lake Anne,119358,2024-08-07
384,41,Jodibury,97111,2022-08-14
385,46,New Pamela,82929,2021-12-13
386,66,Port Lisahaven,91506,2022-10-02
387,63,North Sheilaland,52911,2021-09-12
388,48,Port Kayla,105127,2023-04-07
389,52,Guerrerohaven,49821,2022-12-18
390,50,New Mark,93039,2020-10-27
391,69,East Meganhaven,78535,2023-04-21
392,38,East Leah,102458,2022-10-03
393,49,Laneburgh,30175,2020-10-17
394,40,Adamsmouth,72771,2022-06-26
395,50,Juliafort,104925,2024-10-01
396,20,Harrishaven,84358,2022-12-14
397,35,South Gwendolyn,35327,2021-01-28
398,42,Garymouth,65057,2023-05-04
399,59,Port Ashley,24150,2022-10-13
400,48,Lauramouth,22425,2024-04-06
401,20,East Gregory,34032,2021-07-27
402,57,Lake Crystal,20198,2022-07-13
403,63,South Laurie,78500,2023-08-24
404,41,Sandersland,71394,2024-06-22
405,67,Craigton,38079,2023-08-25
406,49,West Shawn,54220,2023-11-19
407,64,Hinesview,59874,2021-05-24
408,39,East Andrew,31859,2024-12-09
409,40,Liuhaven,68460,2023-07-19
410,19,Lake Andrew,49419,2021-06-03
411,44,Michelletown,26705,2021-09-03
412,59,Grahamshire,60880,2022-10-12
413,19,New Juliaborough,41236,2022-02-26
414,43,Martinezhaven,105955,2021-02-13
415,34,Danielville,103514,2024-03-11
416,57,South Monique,33358,2023-06-24
417,50,Victorchester,117713,2023-10-10
418,26,New Thomasstad,112914,2021-07-22
419,60,Beckland,94918,2023-03-01
420,65,Ninaville,32596,2024-05-12
421,56,New Stephanie,51572,2022-06-22
422,46,Whitetown,96757,2023-04-22
423,59,East Kim,19279,2022-05-10
424,43,Carlsonland,81197,2021-08-13
425,52,Karenhaven,80516,2023-10-06
426,67,Wheelerton,25083,2024-04-07
427,42,East Morgan,35771,2021-04-29
428,41,West Charlottetown,47975,2023-10-28
429,30,Morrisstad,63648,2025-07-23
430,24,South Wesleyshire,66285,2024-09-30
431,53,Andersonville,37063,2020-12-19
432,62,North Margaret,85642,2022-01-08
433,37,Bridgetmouth,108093,2024-08-13
434,18,South Kimberly,104143,2020-11-18
435,25,New Patrick,55599,2024-01-01
436,63,Kellertown,69920,2024-12-09
437,33,New Alexberg,46529,2024-07-10
438,31,Port Rebeccachester,53954,2022-10-19
439,29,Robinsonhaven,45856,2023-01-27
440,68,East Jason,20573,2024-12-30
441,40,Wagnermouth,96344,2024-01-29
442,32,Tuckerhaven,53367,2021-05-17
443,45,Port Cameronview,117608,2021-11-13
444,51,North James,78774,2025-02-26
445,19,Wrightburgh,41752,2021-05-26
446,49,Port Elizabeth,73029,2022-04-25
447,40,Burnsland,35685,2022-12-02
448,39,Michaelport,69693,2021-10-03
449,68,Laurafurt,73961,2023-10-06
450,42,Port Hannahland,94908,2022-02-12
451,39,South Justin,92532,2021-02-03
452,39,Reevesberg,99994,2024-10-06
453,66,Josephfort,74133,2023-03-14
454,69,New Ryanchester,115425,2024-07-14
455,59,Lake Lauraburgh,79268,2020-08-09
456,23,West Kennethstad,110201,2020-09-08
457,32,Richardsonhaven,56243,2022-04-03
458,60,Grahamhaven,75384,2022-08-11
459,54,Tonyaville,49653,2021-06-08
460,50,Lisafort,44657,2022-07-17
461,25,East Amyfort,57952,2021-01-01
462,61,Brentton,40180,2021-11-30
463,61,Port Jason,115432,2021-07-04
464,22,Christopherbury,96411,2025-07-06
465,56,Port Michaelburgh,19622,2021-01-20
466,21,Joshuastad,66756,2021-02-21
467,23,Adrienneland,58809,2023-04-07
468,62,South Tyler,34725,2024-05-09
469,49,Richardville,79396,2020-09-30
470,69,New Traci,69226,2021-04-18
471,47,Hallview,99182,2024-12-27
472,64,West Danafurt,100565,2023-08-11
473,52,Williamsshire,47402,2022-02-25
474,57,Erikborough,22263,2024-09-22
475,69,Lake Kevintown,114523,2023-11-15
476,33,East Gregory,64828,2021-10-13
477,30,East Eric,65924,2022-11-24
478,67,Chanchester,92182,2020-08-23
479,59,New Nicoleton,111065,2025-01-16
480,47,Lake Ginaport,77052,2020-11-23
481,36,Robertborough,29664,2025-05-13
482,34,South Seth,53737,2022-09-11
483,36,Brendaburgh,119332,2025-04-07
484,45,Lake Timothy,107563,2025-02-07
485,43,Port Jillianbury,47373,2023-07-28
486,54,New Matthewhaven,54397,2021-08-08
487,43,Weaverstad,104145,2022-06-02
488,40,Sarahside,119371,2021-05-20
489,26,Marcusbury,56709,2023-11-17
490,29,Lake Rose,79120,2021-01-06
491,18,Lake Thomas,37250,2023-02-03
492,18,Michaelfort,39172,2025-06-16
493,64,Joneschester,29555,2021-06-13
494,51,Hensonton,105410,2023-06-07
495,49,North Michelle,96617,2022-10-19
496,65,Millerberg,71276,2022-08-19
497,42,East Andrew,75492,2020-09-23
498,57,Port Lisa,71002,2022-08-07
499,62,East William,107599,2020-08-26
500,18,West Daniel,90355,2024-07-03
501,33,New Thomastown,109248,2022-04-25
502,56,Lake Lauraville,42762,2022-09-11
503,22,Higginschester,29046,2022-12-24
504,39,East Jasmine,114999,2022-05-31
505,46,Port Jennifermouth,46769,2023-10-23
506,20,Lake Darrellview,71302,2021-03-12
507,29,Adamsborough,41150,2021-11-05
508,43,New Justin,86247,2023-05-18
509,33,Lake Amberburgh,22853,2020-11-03
510,68,Barbaraborough,112613,2025-05-05
511,54,New Stacey,107399,2024-03-22
512,39,Villegasfurt,39792,2022-11-22
513,46,Ashleyfort,77129,2021-05-31
514,31,Kevinhaven,92478,2023-06-01
515,45,New Michael,85298,2024-08-22
516,22,West Scotthaven,49987,2022-06-03
517,64,South John,33850,2025-02-10
518,66,Williamland,30112,2020-08-08
519,47,Walkertown,42058,2023-04-07
520,63,East Debra,63420,2025-07-21
521,69,Smithberg,56890,2020-09-09
522,22,Lake Ericaview,84017,2023-12-06
523,29,Herrerahaven,65304,2023-08-14
524,33,Josephfort,50921,2020-08-25
525,43,South Jamesfort,19524,2025-01-07
526,43,East Sara,118424,2025-03-30
527,65,Port Jillian,33048,2022-04-11
528,38,Frankmouth,53111,2021-05-07
529,56,East Jennatown,55904,2023-02-13
530,53,Seanville,72912,2023-07-04
531,50,Lake Terri,52008,2024-02-03
532,47,Lake Patriciaton,18060,2022-02-13
533,54,Melindaview,92666,2021-06-24
534,40,Port Karenburgh,101559,2024-07-11
535,27,Briannamouth,73337,2023-08-19
536,22,Danielleburgh,31350,2023-10-30
537,53,South Melissaland,42354,2021-06-15
538,51,Amyside,63186,2023-04-28
539,69,Williamchester,46145,2023-02-12
540,48,Espinozamouth,52020,2025-04-01
541,27,Lake Johntown,104123,2021-03-19
542,36,Port Shanefurt,93186,2023-01-17
543,49,West Andrew,103469,2023-02-21
544,18,Rebeccaland,38581,2021-05-30
545,22,Lake Leah,106929,2020-10-10
546,62,Elizabethberg,41051,2022-06-11
547,21,Christopherchester,69474,2020-10-05
548,33,Blevinsborough,109748,2022-07-05
549,41,North Erin,87626,2020-12-02
550,33,South Joseph,24960,2020-12-18
551,19,South Chrismouth,53772,2022-04-28
552,66,South James,39520,2022-10-07
553,45,Kaylaview,67481,2022-09-30
554,49,Melissabury,54408,2021-05-02
555,44,Katieland,112006,2021-10-24
556,37,Port Jonathanfurt,75134,2025-08-01
557,41,Port Victorside,38491,2023-01-30
558,29,North Ashley,19341,2021-09-24
559,67,Port Rodneyhaven,62623,2023-11-23
560,52,North Adrienneville,108327,2021-09-30
561,50,Lake Brandon,18338,2023-09-09
562,50,New Deannashire,89431,2022-10-14
563,68,Port Gregory,30254,2022-04-21
564,60,Christinastad,69860,2021-05-28
565,54,Port Tyronefurt,29344,2022-12-06
566,29,Hernandezchester,19750,2022-02-02
567,20,Thomastown,72756,2021-09-30
568,18,Oconnorville,85957,2022-05-11
569,50,Edwardbury,76053,2024-06-20
570,57,Royhaven,88855,2024-05-23
571,27,Adamfurt,33896,2023-03-17
572,60,Walterville,73761,2023-04-03
573,61,New Sherritown,80552,2025-05-19
574,46,Myershaven,95454,2022-06-01
575,30,Brendahaven,108600,2022-11-09
576,29,North Mark,45935,2025-07-23
577,48,East Andrea,55641,2022-07-24
578,63,Port Jessicafort,47711,2021-09-01
579,19,Ballbury,88342,2021-06-27
580,68,Lake Jenniferport,30182,2023-08-21
581,67,Simsport,105833,2024-03-01
582,52,West Rebekahhaven,74276,2022-04-30
583,40,Maryside,37541,2021-04-20
584,34,Pedroland,112457,2024-05-24
585,43,Elliottside,100310,2024-11-25
586,25,Michellemouth,62813,2024-05-29
587,46,North Mark,55198,2022-02-09
588,43,Friedmanchester,26820,2020-12-12
589,27,Walterstad,42070,2024-10-04
590,43,Robinsonton,87768,2021-04-22
591,51,Port Terri,29122,2023-10-26
592,68,Joshuashire,98559,2021-06-13
593,58,Hatfieldstad,91543,2025-07-14
594,24,North Zacharyburgh,101441,2023-03-21
595,21,New Jordanmouth,59786,2021-08-14
596,67,North Jonathan,112934,2023-07-30
597,62,Griffinton,117804,2021-08-06
598,28,Lake Steven,24737,2024-11-08
599,46,New Kathleen,54062,2024-11-18
600,53,East Larry,72237,2025-02-01
601,42,North Steven,69571,2023-10-22
602,38,Watsontown,43510,2023-12-09
603,53,North Wayneport,37426,2023-07-15
604,27,South Mary,55265,2021-09-25
605,54,New Conniefort,35850,2022-08-12
606,26,Lake Carlabury,84150,2025-03-17
607,41,New Jackfurt,105312,2023-09-06
608,52,East Amy,107613,2024-12-10
609,66,Lake Natashabury,92910,2024-06-17
610,52,Smithmouth,70375,2022-06-21
611,65,West Jenniferhaven,53435,2023-05-20
612,53,New Vincentbury,114443,2021-12-19
613,35,West Jenniferfurt,75132,2023-12-09
614,66,Horneborough,96945,2024-10-27
615,56,Lake Jeffreyview,100050,2020-08-31
616,49,Kevinland,113402,2022-01-17
617,41,Lake Kirsten,20983,2020-08-26
618,40,Kimbury,115241,2024-03-03
619,49,Griffithview,38662,2022-04-04
620,54,Lake Marissaberg,41510,2025-07-28
621,29,Maryfurt,96187,2024-11-22
622,66,New Thomasbury,58998,2021-10-12
623,30,Marquezburgh,74846,2024-09-28
624,40,Mezafort,112071,2023-06-07
625,42,Spenceside,24640,2023-07-15
626,52,East James,62547,2020-11-23
627,58,Lake Kathleenmouth,72620,2023-07-28
628,47,Port Anthonybury,33317,2024-09-19
629,34,New Adambury,25564,2023-06-28
630,66,Hoffmantown,45345,2022-12-03
631,37,Lake David,112223,2023-05-01
632,65,Woodchester,97273,2021-05-26
633,42,Lake Adam,92859,2022-01-20
634,39,North Holly,98765,2021-04-15
635,30,Christopherberg,92038,2021-12-26
636,36,Jillianfurt,70393,2024-03-08
637,66,Port Erica,84081,2021-04-03
638,53,Derricktown,47430,2024-11-15
639,29,South Denise,93532,2023-07-28
640,58,South Richard,45788,2025-04-27
641,36,Joshuachester,113505,2020-10-21
642,29,Deleonside,66543,2021-05-13
643,26,Erinbury,31919,2024-08-07
644,24,Melissaport,87346,2021-01-13
645,45,Donnaville,114122,2023-05-06
646,31,Dominguezville,57974,2023-05-06
647,48,Lake Pedro,34371,2021-02-15
648,69,Lake Jessicaton,63084,2022-05-16
649,36,West Jessicashire,47629,2022-08-10
650,64,South Karenbury,69184,2022-12-22
651,33,West Anthonyborough,79916,2022-01-04
652,22,Port Jacqueline,91972,2023-06-08
653,52,Port Amber,80187,2022-11-22
654,29,Williamsburgh,30984,2022-10-14
655,42,Jamieside,51039,2021-01-13
656,69,North Christina,103431,2022-08-31
657,38,Johnville,101691,2022-11-15
658,53,New Michellehaven,76606,2024-10-31
659,40,East Katherinehaven,28616,2023-03-30
660,33,Smithbury,68072,2020-09-26
661,56,Lake Christopher,42574,2021-09-06
662,62,Cookeport,21430,2021-10-12
663,59,Smithborough,30676,2021-07-08
664,56,Nathanshire,28816,2023-04-16
665,31,Harperland,50733,2020-12-15
666,48,Wardhaven,103680,2020-11-28
667,22,Lake Stephanietown,20050,2023-07-04
668,52,Lake Brandonmouth,51933,2024-05-02
669,40,Lake Debra,42951,2023-09-27
670,46,Mitchellshire,50413,2021-09-25
671,60,West Shawnchester,52801,2023-06-14
672,28,Higginsfort,73619,2023-12-16
673,35,Johnsonfurt,50913,2023-06-19
674,64,West April,58600,2020-11-04
675,29,North Kevin,75775,2022-04-06
676,26,Berryton,108816,2023-04-11
677,27,Port Nicolechester,108093,2022-08-16
678,61,Middletonstad,53400,2020-10-05
679,34,Port Bryan,22494,2022-06-07
680,55,Christopherland,98688,2023-06-09
681,24,Barbaramouth,107431,2024-11-17
682,63,North Carolineborough,92691,2023-07-23
683,30,Jacksonhaven,115419,2024-01-25
684,57,North Phillipburgh,61001,2024-05-15
685,59,Jeffreyport,85364,2022-07-22
686,26,Jessefurt,63028,2022-03-05
687,67,Deborahland,115659,2023-05-18
688,44,South Bradley,55573,2023-10-03
689,19,North Susan,18806,2021-03-18
690,22,Amandamouth,74638,2023-08-10
691,46,Port Tonya,47757,2021-09-19
692,54,Harveyshire,52636,2023-10-12
693,55,Lake Kathleenchester,98097,2021-04-09
694,36,Lake Joseview,66280,2021-07-04
695,25,New Nicholas,42262,2025-05-24
696,65,West Amy,98435,2025-07-29
697,62,West Lisa,80211,2025-02-14
698,18,Francesbury,72842,2023-05-02
699,39,Jordanfurt,74979,2021-10-31
700,69,Garrettfurt,99470,2023-05-22
701,34,South Jonathan,56197,2024-05-10
702,24,North Marcusberg,59844,2020-08-30
703,42,New Martinbury,82754,2021-07-13
704,62,Morganville,119868,2021-04-06
705,21,Port Cody,52157,2025-05-03
706,53,Antoniomouth,95129,2021-06-24
707,23,Buckleyburgh,58042,2020-09-22
708,48,Harrisview,79665,2021-04-24
709,36,New Huntermouth,100856,2021-08-08
710,61,North Anthonyland,45376,2022-01-25
711,56,Lake Patriciatown,73554,2021-12-18
712,44,Port Scott,32199,2020-10-29
713,27,South Julie,99412,2023-05-20
714,43,Anneland,68948,2024-05-05
715,36,Port Monica,91781,2024-06-18
716,56,West Michaelside,90750,2024-05-13
717,20,Lake Stevenhaven,84262,2020-11-16
718,62,Marshfort,64600,2024-04-05
719,30,Lake Robertchester,94898,2020-11-30
720,67,Justintown,80483,2020-12-15
721,45,New Mary,36297,2020-10-07
722,37,New Anthonyhaven,48448,2021-09-24
723,45,North Breanna,44172,2021-09-24
724,25,Mackshire,60874,2025-03-19
725,58,South John,25657,2023-10-10
726,56,Donnaport,102386,2020-12-18
727,18,North Paula,43425,2023-03-15
728,20,Alisonton,44685,2021-04-18
729,30,North Phillipstad,42578,2023-04-16
730,45,West Maureen,46831,2023-09-30
731,66,Lake Jasonbury,25906,2021-07-19
732,42,Herrerafort,79413,2025-05-16
733,50,East Aprilburgh,72028,2021-12-30
734,55,Sullivanton,25287,2022-07-19
735,23,Michellehaven,51660,2022-07-14
736,61,West Robertmouth,93758,2025-01-28
737,62,New Nancyburgh,78504,2022-04-05
738,49,Jameston,77720,2022-08-25
739,62,Gentryville,52701,2021-12-06
740,64,Thomasfurt,101300,2023-01-24
741,38,New Jessica,35674,2024-10-26
742,33,Jeffersonberg,101560,2022-01-26
743,38,Edwardsfort,41874,2024-04-15
744,28,Lake Sarahville,61642,2025-01-04
745,54,North Jasonville,115820,2022-11-03
746,53,Boltonview,83160,2025-04-28
747,52,South Michaelport,35602,2021-02-08
748,36,Alexanderbury,106801,2023-06-30
749,37,Davidfurt,43931,2024-05-23
750,35,Port Adam,112377,2024-02-29
751,64,New Charleschester,47192,2020-12-10
752,58,South Linda,64542,2020-08-05
753,66,Jasminebury,60520,2025-02-08
754,31,South Veronica,82772,2022-11-18
755,32,Jameston,76762,2020-10-26
756,48,Tabithafort,68106,2024-03-22
757,18,Pearsonside,99121,2023-12-14
758,20,Zacharyland,43559,2020-08-20
759,33,Jessicaberg,51742,2022-12-06
760,40,Lake Andrewhaven,87669,2024-04-25
761,28,Kevinton,98199,2022-11-21
762,29,North Desireeside,39754,2023-08-17
763,27,West Brent,21972,2020-12-24
764,49,East Karen,88831,2023-01-06
765,33,Jonesview,59873,2021-02-11
766,25,Benjaminshire,112661,2023-09-01
767,55,North Anne,27903,2022-01-12
768,29,Smithfurt,21020,2023-03-31
769,41,New Johnberg,59755,2021-04-02
770,45,Carrollhaven,103956,2022-10-03
771,25,Thomasville,104988,2024-12-08
772,45,New Jenniferton,63648,2021-02-12
773,53,New Brianna,27516,2021-03-05
774,43,North Vanessahaven,20396,2023-12-20
775,25,Harrisontown,102082,2022-06-06
776,67,Christensentown,37129,2020-10-06
777,45,New Andrew,19591,2024-03-05
778,45,Christophertown,29303,2024-03-23
779,54,Rodneymouth,48561,2025-02-19
780,58,Westville,89719,2023-09-26
781,53,West Randallport,110108,2025-06-10
782,44,Royland,117616,2025-01-17
783,34,New Brittany,104231,2021-10-27
784,26,Reneeport,25314,2023-07-03
785,50,Danielside,37623,2022-06-01
786,37,North Amandaville,85675,2022-05-14
787,30,Scottshire,114826,2024-11-06
788,45,Johnsonmouth,83082,2024-01-08
789,65,Johnfort,101624,2024-03-03
790,46,Jonesmouth,51130,2025-06-27
791,30,Garybury,69756,2024-01-08
792,63,South Kylie,115624,2025-04-02
793,52,Lake Dorothyfort,44292,2024-12-29
794,23,Karentown,104206,2024-09-21
795,35,Sarahborough,87274,2024-02-16
796,68,Henryshire,20469,2024-03-26
797,22,Patrickmouth,71947,2020-10-06
798,64,East Sonia,40534,2022-04-29
799,42,Acostaland,81620,2021-09-01
800,19,South Pamela,66874,2021-07-02
801,27,East Teresa,67708,2021-01-04
802,47,Floresberg,92553,2025-04-14
803,67,Jonesfurt,86344,2022-05-16
804,62,North Kelsey,67138,2023-08-02
805,22,East Patricia,72302,2023-01-29
806,50,East Scott,65638,2023-05-19
807,18,Craigberg,96249,2022-03-31
808,35,East Kimberly,20719,2024-04-22
809,49,Johnsonmouth,40890,2022-06-03
810,64,Weberview,95236,2022-01-20
811,66,Nguyenchester,54509,2022-03-29
812,28,Livingstonshire,60534,2021-12-03
813,38,Michaelberg,110241,2020-08-29
814,43,South Davidshire,36787,2022-05-31
815,42,Mcmillanshire,66845,2021-09-23
816,39,Schmidtfort,75932,2020-12-06
817,44,Whiteton,110124,2022-05-07
818,66,East Jeffrey,109659,2022-01-03
819,30,South Sarah,51062,2024-10-27
820,50,New Heather,93713,2023-12-06
821,51,Tuckerburgh,105263,2023-07-06
822,58,Lake Michaelville,113756,2023-10-26
823,52,Jeffreyburgh,78461,2024-02-09
824,18,Brookehaven,93418,2025-06-03
825,38,Lake Andreaview,84672,2021-03-19
826,65,Gregoryberg,52832,2020-08-19
827,23,Port Patrickhaven,49966,2023-06-09
828,45,East Melissafurt,90545,2021-08-11
829,34,Richardsmouth,30987,2024-10-30
830,22,Watsonberg,55311,2020-11-23
831,48,Walkermouth,49575,2025-02-18
832,22,Port Lauren,81852,2024-01-28
833,55,Williamshire,19007,2021-07-20
834,20,Matthewport,88981,2022-05-10
835,40,Port Michael,94242,2020-12-07
836,54,Torresland,65517,2023-05-11
837,54,Tammyton,47257,2020-11-02
838,27,New Jerome,105272,2023-09-24
839,27,South Heidifort,60207,2022-01-03
840,36,East Kirsten,31281,2024-07-24
841,34,Nicholstown,79246,2024-01-08
842,38,Lake Nicholaston,19435,2023-12-06
843,31,South Lauren,116875,2021-04-16
844,26,East Jeffrey,118686,2025-01-04
845,63,Jeremychester,109357,2020-10-28
846,18,Bradyberg,44660,2024-01-12
847,68,Port Richardshire,23084,2024-08-17
848,62,North Samanthahaven,100197,2024-12-04
849,30,Gouldmouth,31507,2023-11-03
850,21,Lewisside,90595,2023-04-22
851,18,Williamsburgh,101807,2022-04-08
852,66,Cochranhaven,63539,2023-06-08
853,57,Michelleberg,25491,2022-06-11
854,49,Port Colleenborough,68192,2023-12-04
855,51,New Ericmouth,98395,2025-07-26
856,45,South Christopher,81888,2023-02-25
857,48,North Gerald,91609,2021-01-16
858,25,Lake Christina,27077,2023-08-31
859,56,Lamfort,38953,2025-04-19
860,43,Lake Valerieburgh,94919,2022-07-21
861,51,Cartermouth,85889,2021-02-17
862,20,Keithshire,41821,2024-06-24
863,67,East Fred,55567,2021-10-03
864,29,New Joshuahaven,42860,2024-07-11
865,18,Tiffanybury,39195,2023-01-25
866,61,South Timothy,95475,2021-06-27
867,22,Wardville,108874,2024-06-22
868,47,East Shane,105266,2021-09-02
869,47,Johnberg,39427,2025-04-04
870,34,Christopherborough,118732,2023-09-15
871,65,East Jaredland,45083,2023-05-21
872,64,Robertton,105046,2024-06-21
873,40,Edwardsborough,75372,2021-04-03
874,32,East Daniel,62064,2022-07-26
875,54,Jeffreybury,25813,2021-04-07
876,38,Lynnshire,49598,2024-05-25
877,31,West Marystad,111106,2021-10-28
878,19,Kristishire,45082,2025-05-01
879,28,North Timothyborough,47241,2024-02-15
880,68,Petersontown,114214,2023-04-03
881,56,Waltersfurt,62569,2023-09-13
882,55,Seanmouth,29745,2021-09-11
883,51,Boothburgh,44029,2023-11-08
884,55,Nathanside,31025,2023-02-10
885,67,Lake Ernest,119660,2023-05-30
886,51,Kevinport,32288,2022-10-20
887,35,Harrisonside,107186,2025-06-02
888,47,Gonzalezville,24540,2024-02-22
889,32,Garciaport,115768,2023-08-13
890,44,Kellyview,99958,2022-06-13
891,68,East Georgeton,86878,2020-09-12
892,51,Port Vanessaland,59846,2025-04-01
893,69,South Bobbyview,119148,2023-02-08
894,55,Snyderport,93932,2022-01-29
895,50,Port James,35482,2022-11-12
896,41,West Austin,41411,2022-08-02
897,32,Barnesbury,68975,2024-12-13
898,47,Mendezbury,78545,2023-03-17
899,59,Cannonberg,96797,2022-05-31
900,68,South Danielleburgh,70307,2024-10-21
901,34,Lake Kent,21093,2024-09-07
902,22,Hicksfurt,95258,2021-05-04
903,46,North Michael,40042,2021-08-13
904,21,South Crystal,70930,2022-07-04
905,27,Myerstown,62413,2023-08-19
906,34,Port David,111623,2022-11-05
907,27,Lake Johnmouth,115883,2023-07-05
908,34,North Brianland,51756,2022-10-01
909,37,Emilystad,71268,2023-03-17
910,41,New Brittany,57214,2021-04-11
911,22,East Samanthaport,99871,2024-04-19
912,51,West Laurenview,46602,2024-01-05
913,23,East Matthewland,71331,2021-01-14
914,19,Randallview,66901,2022-07-19
915,30,Lake Lisafurt,117986,2021-02-11
916,60,Flowersberg,81416,2022-03-23
917,60,Port Shaneburgh,50196,2021-05-02
918,65,South Christopher,23626,2024-10-24
919,28,Donaldfort,25424,2021-02-24
920,68,Lindatown,30857,2025-01-11
921,64,Murphyton,37982,2025-05-18
922,40,Gaystad,94961,2025-06-09
923,33,Port Anthonymouth,19980,2025-01-02
924,48,Port Amandaberg,66290,2023-04-27
925,28,East Jasonton,44431,2025-07-01
926,33,Ricehaven,102976,2024-04-25
927,25,Murrayland,100711,2021-10-15
928,21,Port Darintown,44385,2024-11-21
929,57,North Vanessashire,56158,2022-07-17
930,21,Mcmillanchester,41019,2021-01-21
931,42,Adrianberg,36639,2023-02-25
932,20,New Nicolefurt,103530,2023-06-29
933,49,Leehaven,117911,2024-10-13
934,20,Tylerchester,39563,2024-11-21
935,44,North Laurenland,57341,2022-09-25
936,46,Gregoryburgh,23776,2021-11-06
937,49,Shafferview,54444,2021-02-04
938,67,Rachelstad,86916,2021-03-04
939,68,Jonathanfurt,26711,2023-06-27
940,36,Timothyborough,92318,2024-12-23
941,38,South Alexandriabury,100970,2023-05-26
942,22,Samanthaville,103553,2022-06-16
943,35,Port Natashahaven,48707,2024-01-31
944,45,Lake Dennisfurt,57110,2022-12-01
945,59,East Julie,79788,2025-04-13
946,39,Paulborough,100879,2022-07-05
947,38,Pierceville,56827,2020-10-03
948,23,Cookmouth,23655,2022-04-04
949,18,Gomezchester,62859,2021-02-23
950,22,Ericport,71625,2025-02-26
951,58,Reginaview,70098,2021-11-24
952,29,Tiffanyborough,33251,2024-01-22
953,43,Hamiltonville,18526,2020-12-28
954,63,Walkerville,86760,2025-02-03
955,51,Hallbury,65837,2025-05-22
956,66,North Richardside,29536,2022-10-20
957,31,Lake Lisa,46541,2024-06-25
958,43,Millerburgh,97083,2022-06-27
959,62,East Wendymouth,69027,2021-09-28
960,44,North Robertshire,52531,2024-03-03
961,26,Williamport,26712,2021-02-04
962,43,Lake Whitney,83455,2025-07-19
963,64,Valerieland,92744,2023-10-11
964,39,New Andrea,23109,2020-11-22
965,64,West Stephanie,67268,2021-10-14
966,47,Dianemouth,118737,2022-10-19
967,60,New Jesse,72615,2021-02-13
968,65,Dianaside,100503,2022-11-26
969,34,West Dylanburgh,47759,2022-12-27
970,43,Rodneyborough,103708,2024-01-05
971,53,Rossfurt,78112,2024-01-11
972,18,New Paul,44589,2022-02-26
973,25,Isaacstad,48015,2022-12-31
974,66,Alexanderfurt,47009,2022-11-03
975,52,New Sarachester,101309,2022-07-07
976,69,Reneeshire,80046,2022-01-21
977,32,Davisville,44143,2025-06-04
978,64,East Caitlin,24154,2024-12-11
979,39,New Richard,39804,2021-10-09
980,31,Elliottshire,59688,2023-04-05
981,43,Russellhaven,82288,2025-01-07
982,45,Lake Andrewmouth,69195,2025-04-14
983,40,Sophiaborough,38581,2023-07-23
984,31,Morrowstad,70648,2024-04-20
985,41,Ellishaven,48087,2022-03-10
986,19,Dyerhaven,67930,2023-11-16
987,62,Williamsside,50981,2022-04-25
988,43,Watkinston,87298,2021-04-29
989,31,New Eric,64167,2025-01-14
990,68,Jillside,93304,2020-12-16
991,24,Harrisshire,61408,2023-08-04
992,20,South Debbieside,57499,2024-05-10
993,64,South Tanyahaven,70269,2024-08-23
994,40,South Michael,56559,2022-10-19
995,63,Markbury,92319,2022-11-30
996,60,South Joshualand,113317,2025-04-06
997,64,Lake Jeanview,114347,2023-06-16
998,62,Lake Theresastad,66787,2023-11-21
999,35,Paulport,53488,2023-10-11
1000,55,Taylorshire,92441,2021-03-14